ID,FECHA,TITULAR,URL_ARCHIVO,FUENTE,IDIOMA,SENTIMIENTO_RESULTADO,PROBABILIDAD_POSITIVO,PROBABILIDAD_NEGATIVA,PROBABILIDAD_NEUTRAL
492a860a-e420-49d3-a632-3ddc14dac182,2025-09-15,"A trade war, austerity and big promises: The challenges facing Canada's PM",https://web.archive.org/web/20250915120000/https://www.bbc.com/news/,BBC,en,,,,
96071e49-219e-4506-ab08-93f6b7cabab2,2025-09-15,'My wife died giving birth after Trump cut funding to our clinic',https://web.archive.org/web/20250915120000/https://www.bbc.com/news/,BBC,en,,,,
a2edb24f-9a1d-410c-820f-9583e98a3d39,2025-09-15,Watch: Soda truck falls into sinkhole in Mexico City,https://web.archive.org/web/20250915120000/https://www.bbc.com/news/,BBC,en,,,,
eba24bec-c341-4f5b-8f1f-ba4c6a16a1c1,2025-09-15,"The secrets began before I even auditioned, says The Summer I Turned Pretty actress",https://web.archive.org/web/20250915120000/https://www.bbc.com/news/,BBC,en,,,,
502f4684-b729-4708-92c7-59129c2ce16c,2025-09-15,Trump's coming to Britain. He'll get a spectacular royal welcome but no cheering crowds,https://web.archive.org/web/20250915120000/https://www.bbc.com/news/,BBC,en,,,,
185e785b-f00d-47ca-8b02-33773e93bdac,2025-09-15,UK and US unveil nuclear energy deal promising thousands of jobs,https://web.archive.org/web/20250915120000/https://www.bbc.com/news/,BBC,en,,,,
af5b0daa-9db7-4d75-8c0a-7c7d64c10e39,2025-09-15,BBC reports from house linked to Charlie Kirk shooting suspect,https://web.archive.org/web/20250915120000/https://www.bbc.com/news/,BBC,en,,,,
7ec75108-b716-4a3a-b65d-03663721ba14,2025-09-15,Sydney Sweeney and Lisa from Blackpink walk Emmys red carpet,https://web.archive.org/web/20250915120000/https://www.bbc.com/news/,BBC,en,,,,
a4d96ea3-752a-4a87-82a0-a7d01f8675d2,2025-09-15,Romania becomes second Nato country to report Russian drone in its airspace,https://web.archive.org/web/20250915120000/https://www.bbc.com/news/,BBC,en,,,,
ab6abe26-8523-488d-a51b-403d8355c8c0,2025-09-15,"'It's just scary': In Florida, parents ponder future with fewer vaccines",https://web.archive.org/web/20250915120000/https://www.bbc.com/news/,BBC,en,,,,
6b2021b9-5b07-4fba-a510-5be128c87102,2025-09-15,Rising seas will threaten 1.5 million Australians by 2050 - report,https://web.archive.org/web/20250915120000/https://www.bbc.com/news/,BBC,en,,,,
3ce64771-4707-4e75-bc64-80f171cd6d83,2025-09-15,Boss of degrading sex-trade ring in Dubai's glamour districts unmasked by BBC,https://web.archive.org/web/20250915120000/https://www.bbc.com/news/,BBC,en,,,,
19aee028-d412-457a-94e6-fd1f4337f4c8,2025-09-15,Madeleine McCann suspect turns down Met Police interview,https://web.archive.org/web/20250915120000/https://www.bbc.com/news/,BBC,en,,,,
29c3e3ea-341a-4628-ab64-6d22b1fe3253,2025-09-15,Moment Owen Cooper becomes youngest ever male Emmy winner,https://web.archive.org/web/20250915120000/https://www.bbc.com/news/,BBC,en,,,,
b8468263-e5f3-4a5d-9e55-d6bd725fd3a8,2025-09-15,"Adolescence, The Studio and The Pitt dominate Emmy Awards",https://web.archive.org/web/20250915120000/https://www.bbc.com/news/,BBC,en,,,,
17c267e8-d6f3-4012-bc9e-c95827007fe9,2025-09-15,US-China trade talks set for day two as TikTok deadline looms,https://web.archive.org/web/20250915120000/https://www.bbc.com/news/,BBC,en,,,,
c10acbac-f96d-45cb-8f14-6dee5242f648,2025-09-15,Rubio in Israel as IDF destroys more Gaza City buildings,https://web.archive.org/web/20250915120000/https://www.bbc.com/news/,BBC,en,,,,
fc0f5940-5e8e-458e-beac-4571b01ea651,2025-09-15,How Adolescence pulled off an Emmys sweep,https://web.archive.org/web/20250915120000/https://www.bbc.com/news/,BBC,en,,,,
f393aa2c-7636-4b2e-a078-59ca1a0599a5,2025-09-15,Children and teenagers share impact of pandemic in new UK report,https://web.archive.org/web/20250915120000/https://www.bbc.com/news/,BBC,en,,,,
c4ad430e-f5e0-44f2-ba31-db773e2c7977,2025-09-15,Struggling with brain fog? Here's how to fix it,https://web.archive.org/web/20250915120000/https://www.bbc.com/news/,BBC,en,,,,
e32cf5d1-c7e5-456c-9c8a-b68b33564d9c,2025-09-15,US farmers are being squeezed - and it's testing their deep loyalty to Trump,https://web.archive.org/web/20250915120000/https://www.bbc.com/news/,BBC,en,,,,
c3dad9fe-d541-430e-a044-67749cb171d1,2025-09-15,Barcelona hit six against Valencia as Rashford makes first assist,https://web.archive.org/web/20250915120000/https://www.bbc.com/news/,BBC,en,,,,
97902daf-fab1-4428-859f-26867301b946,2025-09-15,Man Utd have 'got worse' under Amorim - Rooney,https://web.archive.org/web/20250915120000/https://www.bbc.com/news/,BBC,en,,,,
122dae1c-d095-40aa-8fc9-c877918f69aa,2025-09-15,Why did this happen?,https://web.archive.org/web/20250915120000/https://www.bloomberg.com/europe/,BLOOMBERG,en,,,,
36771ce4-1eac-4be1-8cee-f4a9d8ecee90,2025-09-15,Watch: Best looks from the Emmys red carpet,https://web.archive.org/web/20250915120000/https://www.bbc.com/news/,BBC,en,,,,
bb199922-c6cd-4b27-830b-14a53dcc78c2,2025-09-15,"Hermeto Pascoal, 'the wizard' of Brazilian music, dies at 89",https://web.archive.org/web/20250915120000/https://www.bbc.com/news/,BBC,en,,,,
4880ee5d-2be6-48ce-b957-f8cc0f9070e7,2025-09-15,The Times & The Sunday Times Homepage,https://web.archive.org/web/20250915120000/https://www.thetimes.com/,THE TIMES,en,,,,
7c76d6be-c4ee-47a3-bb0b-e3c699b4c317,2025-09-15,"'There is, and always will be, only one Ricky Hatton'",https://web.archive.org/web/20250915120000/https://www.bbc.com/news/,BBC,en,,,,
b4c1aceb-5f44-4cd8-835a-c659c09a1df4,2025-09-15,"Why Man Utd's problem is not the system, it's the personnel",https://web.archive.org/web/20250915120000/https://www.bbc.com/news/,BBC,en,,,,
6c8b38d4-d4b5-48cb-8b5b-582331ebf5b3,2025-09-15,"We will never surrender our flag, UK PM says",https://web.archive.org/web/20250915120000/https://www.bbc.com/news/,BBC,en,,,,
fff7cf12-05ea-4636-879f-e91eea688956,2025-09-15,"We will never surrender our flag, Sir Keir Starmer says",https://web.archive.org/web/20250915120000/https://www.bbc.com/news/,BBC,en,,,,
73d1665e-500e-40ef-bd6f-cd29046d4f11,2025-09-15,India players refused handshakes - Pakistan coach,https://web.archive.org/web/20250915120000/https://www.bbc.com/news/,BBC,en,,,,
c1450108-ef43-4b2e-b918-aa42608f3562,2025-09-15,More from News Corp,https://web.archive.org/web/20250915120000/https://www.thetimes.com/,THE TIMES,en,,,,
9eaa6105-ce58-4850-9dce-07ee44bf5e5f,2025-09-15,"Mandelson should never have been ambassador, says Epstein victim's family",https://web.archive.org/web/20250915120000/https://www.bbc.com/news/,BBC,en,,,,
e1359b14-fb0b-4cc7-b630-e614818bb446,2025-09-15,We've detected unusual activity from your computer network,https://web.archive.org/web/20250915120000/https://www.bloomberg.com/europe/,BLOOMBERG,en,,,,
538d57e3-c39a-4643-8712-c2ee46c0849c,2025-09-15,Watch: The best and boldest looks from the Emmys,https://web.archive.org/web/20250915120000/https://www.bbc.com/news/,BBC,en,,,,
5e49302c-713b-41c2-aeda-b3820fa30154,2025-09-15,"Kirk suspect 'not co-operating' with authorities, governor says",https://web.archive.org/web/20250915120000/https://www.bbc.com/news/,BBC,en,,,,
cfee822f-4744-413c-b175-06b74a31b269,2025-09-15,Why India's Supreme Court is 'a men's club',https://web.archive.org/web/20250915120000/https://www.bbc.com/news/,BBC,en,,,,
c74ab12a-1fa2-48c8-be8c-a430538f49b8,2025-09-15,"Prince Andrew needs to be fully investigated, Giuffre family says",https://web.archive.org/web/20250915120000/https://www.bbc.com/news/,BBC,en,,,,
90b10699-f468-455a-a8b1-8bb96a3f8af2,2025-09-14,Belfast's Crocker beats Donovan to win world title,https://web.archive.org/web/20250914120000/https://www.bbc.com/news/,BBC,en,,,,
c7c44a2a-4d40-41fa-b637-70b9cdda3a3c,2025-09-14,"Dozens of officers injured as up to 150,000 join Tommy Robinson rally",https://web.archive.org/web/20250914120000/https://www.bbc.com/news/,BBC,en,,,,
6ac039c6-0866-48ab-becc-ceb69cfe46d9,2025-09-14,Has Martin lost backing to turn Rangers around?,https://web.archive.org/web/20250914120000/https://www.bbc.com/news/,BBC,en,,,,
a801e480-3ef1-45cc-bf76-f1c336c0b202,2025-09-14,Watch: Army patrols streets of Kathmandu after fierce protests,https://web.archive.org/web/20250914120000/https://www.bbc.com/news/,BBC,en,,,,
3f73d039-b11e-475c-80d8-ba24a9f9f631,2025-09-14,Huge fire rips through residential homes in Manila,https://web.archive.org/web/20250914120000/https://www.bbc.com/news/,BBC,en,,,,
3882e2c3-4cec-4fb4-9bc9-d03592df7633,2025-09-14,Trump 'ready' to sanction Russia if Nato nations stop buying its oil,https://web.archive.org/web/20250914120000/https://www.bbc.com/news/,BBC,en,,,,
f4ea121e-4791-4d1b-a030-eff84b9a6470,2025-09-14,Animal shelter workers hospitalised after FBI uses furnace to burn seized meth,https://web.archive.org/web/20250914120000/https://www.bbc.com/news/,BBC,en,,,,
edf737f0-b69e-4624-b455-82b75a1f945d,2025-09-14,Scheffler moves into contention with sparkling 64,https://web.archive.org/web/20250914120000/https://www.bbc.com/news/,BBC,en,,,,
2c9d1374-0140-4bf9-8584-1f755ee096be,2025-09-14,The Indian city that sparkles like Paris at night,https://web.archive.org/web/20250914120000/https://www.bbc.com/news/,BBC,en,,,,
68475f6c-2277-4afa-bbd8-75623444f058,2025-09-14,New Nato mission to bolster eastern flank after Russia drone incursion,https://web.archive.org/web/20250914120000/https://www.bbc.com/news/,BBC,en,,,,
88381e53-f86d-4f6f-9bbe-0bd88088ede3,2025-09-14,'We knew the family': Utah town in disbelief after local resident accused of killing Charlie Kirk,https://web.archive.org/web/20250914120000/https://www.bbc.com/news/,BBC,en,,,,
fc8425cc-77a7-4cd3-8aeb-90036aa07109,2025-09-14,Trump loves all things royal. Will that be King's ace card on UK state visit?,https://web.archive.org/web/20250914120000/https://www.bbc.com/news/,BBC,en,,,,
15ada0cf-bb8e-4924-9d24-705ff3d019dd,2025-09-14,Malawi - where the petrol queue might overshadow the queue to vote,https://web.archive.org/web/20250914120000/https://www.bbc.com/news/,BBC,en,,,,
4afa5bd3-1639-42e0-b190-f44132b3bad0,2025-09-14,Watch: Video shows moment Kirk shooting suspect flees the scene,https://web.archive.org/web/20250914120000/https://www.bbc.com/news/,BBC,en,,,,
47ff001e-1261-4fe7-80e4-0f6ed2102ef1,2025-09-14,Charlie Kirk shooting throws Utah students into heart of US political divide,https://web.archive.org/web/20250914120000/https://www.bbc.com/news/,BBC,en,,,,
235dafb0-7f54-438e-88ed-a34515832b4b,2025-09-14,Team Conrad or Team Jeremiah? The TV love triangle that sparked a fan frenzy,https://web.archive.org/web/20250914120000/https://www.bbc.com/news/,BBC,en,,,,
6b838e8f-30a3-4aae-8ecf-ceb03a76ff32,2025-09-14,Students who debated with Charlie Kirk mourn his death,https://web.archive.org/web/20250914120000/https://www.bbc.com/news/,BBC,en,,,,
0e6c0dba-d750-4837-b9ff-6785777de2bd,2025-09-14,"First sick children have left Gaza for UK, says foreign secretary",https://web.archive.org/web/20250914120000/https://www.bbc.com/news/,BBC,en,,,,
4ff3cfd5-496f-494c-8d4e-ffa8b105fe14,2025-09-14,More from The Times and The Sunday Times,https://web.archive.org/web/20250914120000/https://www.thetimes.com/,THE TIMES,en,,,,
2a89ff64-815b-4d76-999d-3167a4e054e5,2025-09-14,"Who is Tyler Robinson, the suspect in custody for shooting Charlie Kirk?",https://web.archive.org/web/20250914120000/https://www.bbc.com/news/,BBC,en,,,,
f2cee0b0-663b-4cfc-81a8-f96afaf64623,2025-09-14,History-maker Crawford stuns Canelo in Vegas,https://web.archive.org/web/20250914120000/https://www.bbc.com/news/,BBC,en,,,,
3ddbc4b7-24be-418a-96be-024cc28f8bfe,2025-09-14,"After fatal crash, Sikh truck drivers in the US fear blowback",https://web.archive.org/web/20250914120000/https://www.bbc.com/news/,BBC,en,,,,
6ecdc6e3-4e72-4c18-ae22-7f3a57f3b297,2025-09-14,Canada thrash Australia to set up New Zealand semi,https://web.archive.org/web/20250914120000/https://www.bbc.com/news/,BBC,en,,,,
246567c0-22a9-4af0-824e-8fe31332e7fb,2025-09-14,Migrant return flights from UK to France set to start next week,https://web.archive.org/web/20250914120000/https://www.bbc.com/news/,BBC,en,,,,
6eb01501-6ca1-4596-9f2d-242ed4eeda49,2025-09-14,"'We escaped certain death': Israel intensifies Gaza City bombardment, forcing families to flee",https://web.archive.org/web/20250914120000/https://www.bbc.com/news/,BBC,en,,,,
d0c4626b-385d-46b3-aca2-a555ef4b2f3e,2025-09-14,More from News Corp,https://web.archive.org/web/20250914120000/https://www.thetimes.com/,THE TIMES,en,,,,
fed8a7e9-8ab2-4751-bc25-52d955ffef79,2025-09-14,Moment missing dog is reunited with family,https://web.archive.org/web/20250914120000/https://www.bbc.com/news/,BBC,en,,,,
49c3bda7-9eb0-426c-a59a-06e8c9692e02,2025-09-14,Charlie Kirk memorial service set to take place in Arizona stadium,https://web.archive.org/web/20250914120000/https://www.bbc.com/news/,BBC,en,,,,
918db8a0-6f11-4e3a-bb85-8671b824a060,2025-09-14,"Netanyahu is only obstacle to bringing hostages home, families say",https://web.archive.org/web/20250914120000/https://www.bbc.com/news/,BBC,en,,,,
7c7563ca-efc9-4b9d-a2f7-394d5406193a,2025-09-14,Charlie Kirk's suspected killer brought into custody after confessing to father,https://web.archive.org/web/20250914120000/https://www.bbc.com/news/,BBC,en,,,,
b3145017-8f99-4dcb-aa61-97cf3e771744,2025-09-14,Why Super Bowl revenge looks a long shot for Chiefs,https://web.archive.org/web/20250914120000/https://www.bbc.com/news/,BBC,en,,,,
8fea786c-61b2-41e1-8b3a-3a007e64affa,2025-09-14,BBC reports from house linked to Charlie Kirk shooting suspect,https://web.archive.org/web/20250914120000/https://www.bbc.com/news/,BBC,en,,,,
9066d267-8aa1-4ccf-a76e-bf37eaf59e69,2025-09-14,"ICE agent shoots dead man who tried to drive at agents, officials say",https://web.archive.org/web/20250914120000/https://www.bbc.com/news/,BBC,en,,,,
663dfcf5-c973-4c0e-b7a0-40ad72260e26,2025-09-14,What to expect from the Emmys and how to watch the ceremony,https://web.archive.org/web/20250914120000/https://www.bbc.com/news/,BBC,en,,,,
7093d0dd-1df2-477b-a32c-299d50d3b8d6,2025-09-14,BBC Verify examines Tyler Robinson's social media accounts,https://web.archive.org/web/20250914120000/https://www.bbc.com/news/,BBC,en,,,,
b3bed950-2221-4ce1-8717-b9bf1d0da521,2025-09-14,Smeed takes Somerset past Hants to win T20 Blast,https://web.archive.org/web/20250914120000/https://www.bbc.com/news/,BBC,en,,,,
aa477c48-e87a-4dc1-9f62-0aa4f7bfdeaf,2025-09-14,Cut and bulk: Teenagers explain why they want to get ripped,https://web.archive.org/web/20250914120000/https://www.bbc.com/news/,BBC,en,,,,
370baecd-50de-4034-ac46-d9f5eac63d10,2025-09-14,No 10 questioned Mandelson on Epstein links before appointment,https://web.archive.org/web/20250914120000/https://www.bbc.com/news/,BBC,en,,,,
59570194-6629-479f-b1a6-42b972a6e880,2025-09-14,Long throws are back - and Brentford are the masters,https://web.archive.org/web/20250914120000/https://www.bbc.com/news/,BBC,en,,,,
d9099572-0032-4d26-8c7e-b9c81af9ca08,2025-09-14,The Times & The Sunday Times Homepage,https://web.archive.org/web/20250914120000/https://www.thetimes.com/,THE TIMES,en,,,,
2dfaae00-30c5-4b1b-9a8a-0246f46f186b,2025-09-14,"I spent Â£1,000 on a hen party. You feel like you have to do it",https://web.archive.org/web/20250914120000/https://www.bbc.com/news/,BBC,en,,,,
d49befe4-7478-44bb-95c8-8fedfa8dcc90,2025-09-14,Bowling and curling among tests for tram driver world championship,https://web.archive.org/web/20250914120000/https://www.bbc.com/news/,BBC,en,,,,
f35ad7f3-81c0-4bc0-8815-4f00fd0c5c3d,2025-09-14,Queen give the BBC Proms a Rhapsodic send-off,https://web.archive.org/web/20250914120000/https://www.bbc.com/news/,BBC,en,,,,
d27c930e-cfec-4171-9530-fbf6bfe90011,2025-09-13,Taylor Swift will only sit for Lively-Baldoni deposition if 'forced' by court,https://web.archive.org/web/20250913120000/https://www.bbc.com/news/,BBC,en,,,,
16f4b031-1c82-4567-855c-8d722e08dd22,2025-09-13,AI 'friend' chatbots probed over child protection,https://web.archive.org/web/20250913120000/https://www.bbc.com/news/,BBC,en,,,,
e472eb6a-7bbe-45fa-8c3a-fd2290d41d96,2025-09-13,Prince Harry makes surprise Ukraine visit to support war wounded,https://web.archive.org/web/20250913120000/https://www.bbc.com/news/,BBC,en,,,,
70329c08-e8c9-4ce3-bc4c-f563a398f28c,2025-09-13,Russo scores two as Arsenal put five past West Ham,https://web.archive.org/web/20250913120000/https://www.bbc.com/news/,BBC,en,,,,
78d3a73d-e3ed-4aeb-a968-375ac1418cfc,2025-09-13,The Times & The Sunday Times Homepage,https://web.archive.org/web/20250913120000/https://www.thetimes.com/,THE TIMES,en,,,,
167e3fa8-5bd9-4c79-8b33-a8b2a9f26bd3,2025-09-13,'I will never let your legacy die' - Charlie Kirk's widow gives tearful address after shooting,https://web.archive.org/web/20250913120000/https://www.bbc.com/news/,BBC,en,,,,
4bc89255-2401-41e1-ace9-dd5722a085c4,2025-09-13,Nepal gets first female PM after deadly unrest,https://web.archive.org/web/20250913120000/https://www.bbc.com/news/,BBC,en,,,,
7e8c06df-50ba-47cd-bb32-9b71231d415b,2025-09-13,More from The Times and The Sunday Times,https://web.archive.org/web/20250913120000/https://www.thetimes.com/,THE TIMES,en,,,,
e7cbfc62-fbb7-4062-b011-e824de38f176,2025-09-13,Maresca 'hasn't seen Sterling or Disasi since start of season',https://web.archive.org/web/20250913120000/https://www.bbc.com/news/,BBC,en,,,,
c9847c6a-d9fe-464e-897c-9da18c94c7f5,2025-09-13,Charlie Kirk's suspected killer brought into custody after confessing to father,https://web.archive.org/web/20250913120000/https://www.bbc.com/news/,BBC,en,,,,
55ddacba-1dd5-42a4-952d-376abc2f5d61,2025-09-13,"Who is Tyler Robinson, the suspect in custody for shooting Charlie Kirk?",https://web.archive.org/web/20250913120000/https://www.bbc.com/news/,BBC,en,,,,
970ef550-55da-4df8-8bae-4211b9978bf2,2025-09-13,"Japan sets record of nearly 100,000 people aged over 100",https://web.archive.org/web/20250913120000/https://www.bbc.com/news/,BBC,en,,,,
d0df7803-9323-43be-86e3-29bef5fd14dc,2025-09-13,Philipsen beats Pedersen to win stage 19 of Vuelta,https://web.archive.org/web/20250913120000/https://www.bbc.com/news/,BBC,en,,,,
2a46ac5b-6a8c-4a84-87bf-ac1c92581054,2025-09-13,The secrets to tackling fussy eating habits,https://web.archive.org/web/20250913120000/https://www.bbc.com/news/,BBC,en,,,,
d4d9c13d-bb31-4ab0-b6b0-8d0262db80da,2025-09-13,Ripped Crawford jeered relentlessly at Vegas weigh-in,https://web.archive.org/web/20250913120000/https://www.bbc.com/news/,BBC,en,,,,
3ea7d1fe-98c7-4738-9e4b-190759f65f6a,2025-09-13,BBC Verify examines Tyler Robinson's social media accounts,https://web.archive.org/web/20250913120000/https://www.bbc.com/news/,BBC,en,,,,
b1b694c1-8373-4898-82f9-dd633fb40933,2025-09-13,The 'iron lady' taking a shot at Ivory Coast's presidency,https://web.archive.org/web/20250913120000/https://www.bbc.com/news/,BBC,en,,,,
82d93fc8-f9aa-4406-b102-f7163f3fc4bd,2025-09-13,How line dancing became cool again - from village hall to TikTok craze,https://web.archive.org/web/20250913120000/https://www.bbc.com/news/,BBC,en,,,,
863a3ae4-e2f9-4ca4-87a5-2ec9f5052a35,2025-09-13,Watch: BBC reports from residence linked to Kirk suspect Tyler Robinson,https://web.archive.org/web/20250913120000/https://www.bbc.com/news/,BBC,en,,,,
41efc829-a1ce-4ef9-aaf3-cf200e68caab,2025-09-13,More from News Corp,https://web.archive.org/web/20250913120000/https://www.thetimes.com/,THE TIMES,en,,,,
4951682d-e85a-4406-8024-b6a1daa0f63c,2025-09-13,Donald Trump's UK state visit is next week - this is what we know,https://web.archive.org/web/20250913120000/https://www.bbc.com/news/,BBC,en,,,,
460d71fd-8757-4916-b660-84a3931f8f5b,2025-09-13,South African rapist loses bid to block Netflix film about his life,https://web.archive.org/web/20250913120000/https://www.bbc.com/news/,BBC,en,,,,
ef3be8b8-e922-4dc8-8c8a-718f47fe1d1b,2025-09-13,Century for Salt on record-breaking night for England,https://web.archive.org/web/20250913120000/https://www.bbc.com/news/,BBC,en,,,,
bb7c7098-0658-4a43-a28f-a14b6fe3fb30,2025-09-13,Kashmir's young are preserving history -  one post at a time,https://web.archive.org/web/20250913120000/https://www.bbc.com/news/,BBC,en,,,,
43465d8c-3520-4325-8683-652433406e1e,2025-09-13,Dutch broadcaster says it will join Eurovision boycott over Israel,https://web.archive.org/web/20250913120000/https://www.bbc.com/news/,BBC,en,,,,
8f0b917f-7654-494b-9408-f755080e9562,2025-09-13,Record breaker Salt wants to be world's best,https://web.archive.org/web/20250913120000/https://www.bbc.com/news/,BBC,en,,,,
932ed13a-72fd-432a-9727-13aae58412fd,2025-09-13,Young fans and critics debate Charlie Kirk's political legacy,https://web.archive.org/web/20250913120000/https://www.bbc.com/news/,BBC,en,,,,
a6a9987d-c58b-4f80-8ec9-f9551bff4d40,2025-09-13,"ICE agent shoots dead man who tried to drive at agents, officials say",https://web.archive.org/web/20250913120000/https://www.bbc.com/news/,BBC,en,,,,
b8752510-481d-4dbb-9cdd-b2389d661061,2025-09-13,Ros Atkins on... Israel's war in Gaza and proportionality,https://web.archive.org/web/20250913120000/https://www.bbc.com/news/,BBC,en,,,,
7a27c01b-7d07-457d-af31-d21311a08c76,2025-09-13,BBC reports from house linked to Charlie Kirk shooting suspect,https://web.archive.org/web/20250913120000/https://www.bbc.com/news/,BBC,en,,,,
4b13cbaf-b016-4f15-98b9-ba858e7db18c,2025-09-13,The wedding crasher mystery solved after four years,https://web.archive.org/web/20250913120000/https://www.bbc.com/news/,BBC,en,,,,
3e04b5c7-8436-42b3-b6f6-0d0987e32257,2025-09-13,Defiant nuns flee care home for their abandoned convent in the Alps,https://web.archive.org/web/20250913120000/https://www.bbc.com/news/,BBC,en,,,,
3ff02f41-c717-498d-a83a-318cd7590ac5,2025-09-13,How a college dropout from the suburbs became Maga star Charlie Kirk,https://web.archive.org/web/20250913120000/https://www.bbc.com/news/,BBC,en,,,,
c62da1f6-80a8-4afb-a2f3-0d3be0371e57,2025-09-13,Coldplay get giddy as they smash Wembley Stadium record,https://web.archive.org/web/20250913120000/https://www.bbc.com/news/,BBC,en,,,,
40d6844e-816e-42c5-8d40-bb4b8dd5da58,2025-09-13,"North Korea executing more people for watching foreign films and TV, UN finds",https://web.archive.org/web/20250913120000/https://www.bbc.com/news/,BBC,en,,,,
67839e99-d35c-4205-b2f9-8b5204985ebd,2025-09-13,"Memphis next US city to see National Guard troops, Trump says",https://web.archive.org/web/20250913120000/https://www.bbc.com/news/,BBC,en,,,,
9687ba02-c387-4fe0-8880-c067fe53ddf3,2025-09-13,"As Russian army inches closer, Ukrainians must decide to stay or go",https://web.archive.org/web/20250913120000/https://www.bbc.com/news/,BBC,en,,,,
53c4bfd6-39e0-40ae-8014-a2ca008a2756,2025-09-13,How a college dropout from the suburbs became Maga star,https://web.archive.org/web/20250913120000/https://www.bbc.com/news/,BBC,en,,,,
fb403719-ff39-4fcf-9c01-8040ac1b1195,2025-09-13,Ipswich rout sorry Sheff Utd to deepen Selles' woe,https://web.archive.org/web/20250913120000/https://www.bbc.com/news/,BBC,en,,,,
23dcc505-e057-450f-b6fe-b84de00a6737,2025-09-13,Watch: Video shows moment Kirk shooting suspect flees the scene,https://web.archive.org/web/20250913120000/https://www.bbc.com/news/,BBC,en,,,,
6b916464-0b3b-40b7-bcd8-9547d7c6e8d9,2025-09-13,"Starmer defended Mandelson after officials knew about Epstein emails, BBC understands",https://web.archive.org/web/20250913120000/https://www.bbc.com/news/,BBC,en,,,,
d83c31fd-7b1d-4ff1-8a19-afeb56f89415,2025-09-13,Video of US missile fired at mystery orb shown at UFO hearing,https://web.archive.org/web/20250913120000/https://www.bbc.com/news/,BBC,en,,,,
03d11878-a5ad-4cef-88c2-a05a45d42a7e,2025-09-13,Nigerian chef attempts to make world's largest pot of jollof rice,https://web.archive.org/web/20250913120000/https://www.bbc.com/news/,BBC,en,,,,
8c510d77-dc48-465c-837a-e3602dcfee49,2025-09-13,"The Israeli army took over my home, used it like a hotel, then set it on fire",https://web.archive.org/web/20250913120000/https://www.bbc.com/news/,BBC,en,,,,
874c3fe2-8835-4fab-915b-88e908c04b7b,2025-09-12,Drones and metal detectors: Why securing outdoor events is challenging,https://web.archive.org/web/20250912120000/https://www.bbc.com/news/,BBC,en,,,,
cb43939d-ca8b-49b7-9d90-22d41fafe3ac,2025-09-12,What the NHS can learn from the European country that boosted cancer survival rates,https://web.archive.org/web/20250912120000/https://www.bbc.com/news/,BBC,en,,,,
f669e8d7-3255-4c22-af40-e4eba58b5333,2025-09-12,Bolsonaro sentenced to 27 years in prison for plotting Brazil coup,https://web.archive.org/web/20250912120000/https://www.bbc.com/news/,BBC,en,,,,
0e375caf-6f8f-47f1-911f-816afe1cf585,2025-09-12,Ed Sheeran's Play: Can the pop star reclaim his crown?,https://web.archive.org/web/20250912120000/https://www.bbc.com/news/,BBC,en,,,,
b1f163f0-b6b3-40e8-8708-ff6798fc36b6,2025-09-12,South Korea workers detained in US raid head home,https://web.archive.org/web/20250912120000/https://www.bbc.com/news/,BBC,en,,,,
bb2da850-5233-4b87-b1be-1b851f6e8995,2025-09-12,The Times & The Sunday Times Homepage,https://web.archive.org/web/20250912120000/https://www.thetimes.com/,THE TIMES,en,,,,
b43811a1-302f-4d05-8acd-b7a81a39fced,2025-09-12,"Ban social media for under-15s, says French report warning of TikTok risks",https://web.archive.org/web/20250912120000/https://www.bbc.com/news/,BBC,en,,,,
eef2c978-3278-466c-a761-8d9108baf766,2025-09-12,Fitzpatrick helped by 'stolen ball' at BMW PGA,https://web.archive.org/web/20250912120000/https://www.bbc.com/news/,BBC,en,,,,
71876003-f1d2-4947-ac31-85bfb55efd12,2025-09-12,Watch: New video of moment Kirk shooting suspect flees the scene,https://web.archive.org/web/20250912120000/https://www.bbc.com/news/,BBC,en,,,,
7e1d0b9c-c595-43d9-9b00-28bc09b5ccd1,2025-09-12,Breakthrough in hunt for 'college age' suspect in Charlie Kirk shooting,https://web.archive.org/web/20250912120000/https://www.bbc.com/news/,BBC,en,,,,
fc31cb34-e2a1-4aba-a7c1-645b2e1aed53,2025-09-12,Spinal Tap: The world's loudest band return with a little help from their famous friends,https://web.archive.org/web/20250912120000/https://www.bbc.com/news/,BBC,en,,,,
052b0496-2a0a-4122-ab51-64f6be48984a,2025-09-12,Ganna wins shortened Vuelta time trial as Pidcock stays third overall,https://web.archive.org/web/20250912120000/https://www.bbc.com/news/,BBC,en,,,,
d4daab1e-0c89-4a5a-8320-1241ebbb294f,2025-09-12,Why did Starmer take the risk of appointing sacked US ambassador?,https://web.archive.org/web/20250912120000/https://www.bbc.com/news/,BBC,en,,,,
e21e006e-769a-452f-b79c-00169148f63e,2025-09-12,Video of Charlie Kirk shooting suspect fleeing scene released as manhunt continues,https://web.archive.org/web/20250912120000/https://www.bbc.com/news/,BBC,en,,,,
dd1f59eb-f235-46f9-82c0-ae42e5ef5023,2025-09-12,"'Looks like a toy, but it's real': BBC examines a downed Russian drone",https://web.archive.org/web/20250912120000/https://www.bbc.com/news/,BBC,en,,,,
f92c0a46-f5f6-4418-90d3-1fb4f619fc0b,2025-09-12,Hyundai says opening of raided plant to be delayed,https://web.archive.org/web/20250912120000/https://www.bbc.com/news/,BBC,en,,,,
d28e6f0a-4604-427c-95cc-51b042adbe48,2025-09-12,Ireland threatens to withdraw from Eurovision if Israel participates,https://web.archive.org/web/20250912120000/https://www.bbc.com/news/,BBC,en,,,,
7a7f41a9-6e0e-4e47-b05c-571ebd7e8504,2025-09-12,Bolsonaro's coup trial gripped Brazil - and his conviction will divide the country,https://web.archive.org/web/20250912120000/https://www.bbc.com/news/,BBC,en,,,,
32530f9e-f2a7-416a-ae7f-f1d5db4ce49c,2025-09-12,Warner Bros Discovery shares surge on buyout reports,https://web.archive.org/web/20250912120000/https://www.bbc.com/news/,BBC,en,,,,
9529b369-9210-43c2-98d1-fb462e685351,2025-09-12,Rifle found but suspect still at large - what we know about Kirk shooting,https://web.archive.org/web/20250912120000/https://www.bbc.com/news/,BBC,en,,,,
b5ee7836-9bbd-4ed0-9a5d-5718004416fa,2025-09-12,More from News Corp,https://web.archive.org/web/20250912120000/https://www.thetimes.com/,THE TIMES,en,,,,
17685f6d-d75a-4a65-8003-20df4968c529,2025-09-12,Ex-senator's wife sentenced to more than four years in bribery scheme,https://web.archive.org/web/20250912120000/https://www.bbc.com/news/,BBC,en,,,,
dbb037d9-07e9-47db-b0c7-1f6d48b6a881,2025-09-12,Wissa 'never gave up' after acid attack,https://web.archive.org/web/20250912120000/https://www.bbc.com/news/,BBC,en,,,,
59bd5554-cb43-403e-b597-42a2808093b4,2025-09-12,More from The Times and The Sunday Times,https://web.archive.org/web/20250912120000/https://www.thetimes.com/,THE TIMES,en,,,,
c150025b-60af-4926-8a20-80343ef3e4aa,2025-09-12,Man Utd's Onana completes Trabzonspor loan move,https://web.archive.org/web/20250912120000/https://www.bbc.com/news/,BBC,en,,,,
4808bb8c-5eec-43c9-942e-e96ff62bc001,2025-09-12,'I don't have anything to prove' - Postecoglou,https://web.archive.org/web/20250912120000/https://www.bbc.com/news/,BBC,en,,,,
0a7eeb55-3b39-455e-9b36-a817c6add0ce,2025-09-12,Man Utd beaten by Brann in first leg of Champions League qualifier,https://web.archive.org/web/20250912120000/https://www.bbc.com/news/,BBC,en,,,,
05e940d2-ccb6-488a-b431-a1521bc39425,2025-09-12,Worried migrants head home from India after Nepal turmoil,https://web.archive.org/web/20250912120000/https://www.bbc.com/news/,BBC,en,,,,
324f8985-4e71-47cd-af91-e04c969acea1,2025-09-12,US energy chief tells BBC nuclear fusion will soon power the world,https://web.archive.org/web/20250912120000/https://www.bbc.com/news/,BBC,en,,,,
348f6c23-f5b1-40c3-a494-ebcc07b0a198,2025-09-12,Ros Atkins on... Israel's war in Gaza and proportionality,https://web.archive.org/web/20250912120000/https://www.bbc.com/news/,BBC,en,,,,
fd2680a7-3342-44b4-8bab-7f246eb6ac93,2025-09-12,Nato strengthens defences after Russian drones shot down over Poland,https://web.archive.org/web/20250912120000/https://www.bbc.com/news/,BBC,en,,,,
3a8ee2f3-bf16-4a34-b67e-a556ac820b00,2025-09-12,Weekly quiz: What was wrong with this medal?,https://web.archive.org/web/20250912120000/https://www.bbc.com/news/,BBC,en,,,,
81d88910-eebd-45f5-9afa-900028ed96b9,2025-09-12,See Kathmandu's destroyed and barricaded streets after violence,https://web.archive.org/web/20250912120000/https://www.bbc.com/news/,BBC,en,,,,
6e6ed5fd-448b-48eb-af31-a79163d7b7a2,2025-09-12,Ryan Routh cut off by judge as trial over attempted Trump assassination begins,https://web.archive.org/web/20250912120000/https://www.bbc.com/news/,BBC,en,,,,
6b73507a-c69d-425a-8f22-8e174cbcd06d,2025-09-12,Charlie Kirk: Conservative influencer who rallied a youth movement,https://web.archive.org/web/20250912120000/https://www.bbc.com/news/,BBC,en,,,,
f3f7fb34-bb0f-49a7-bd9e-23a43108d2a6,2025-09-12,Party like it's 2018 - Ethiopians celebrate their new year,https://web.archive.org/web/20250912120000/https://www.bbc.com/news/,BBC,en,,,,
b759c460-f238-4760-a80e-857a3a14c581,2025-09-12,Young fans and critics debate Charlie Kirk's political legacy,https://web.archive.org/web/20250912120000/https://www.bbc.com/news/,BBC,en,,,,
3cd1a4fa-5da9-46b8-8886-9fec65c8e98c,2025-09-12,Trump and other US leaders tighten security as search for killer continues,https://web.archive.org/web/20250912120000/https://www.bbc.com/news/,BBC,en,,,,
af79d840-9f57-40ee-a0a7-5993fe0303d3,2025-09-12,Ex-sergeant major admits sexually assaulting soldier who took her own life,https://web.archive.org/web/20250912120000/https://www.bbc.com/news/,BBC,en,,,,
657ee640-0381-4c9c-a741-eab3aaa28663,2025-09-12,See Kathmandu's destroyed and barricaded streets after violence in Nepal,https://web.archive.org/web/20250912120000/https://www.bbc.com/news/,BBC,en,,,,
a5f53fea-7e6d-4148-b247-2747108d7878,2025-09-12,The wedding crasher mystery solved after four years,https://web.archive.org/web/20250912120000/https://www.bbc.com/news/,BBC,en,,,,
8252e3f8-f5ba-409c-9f86-ec1af1da7ed6,2025-09-12,New clues in hunt for Charlie Kirk's killer,https://web.archive.org/web/20250912120000/https://www.bbc.com/news/,BBC,en,,,,
1f1a0a65-6948-46bc-aa7e-b10e133e5e7c,2025-09-12,Watch: Inside Utah university where Charlie Kirk was shot,https://web.archive.org/web/20250912120000/https://www.bbc.com/news/,BBC,en,,,,
2bd2aaa2-6e72-46a2-a208-44d5c05c05e6,2025-09-12,Bolsonaro sentenced to 27 years in jail - what you need to know,https://web.archive.org/web/20250912120000/https://www.bbc.com/news/,BBC,en,,,,
fe77ea16-8563-4360-b1b5-446f4ab16307,2025-09-12,Chelsea face 74 charges over agent payments,https://web.archive.org/web/20250912120000/https://www.bbc.com/news/,BBC,en,,,,
fbdbf17b-6cb2-480a-bef6-b12acbf9593c,2025-09-12,Wounded soldier escapes battlefield using e-bike delivered by drone,https://web.archive.org/web/20250912120000/https://www.bbc.com/news/,BBC,en,,,,
dbf4c90c-a18e-410a-adb7-db3740279f5f,2025-09-11,'Five guys with balaclavas' - ex-Liverpool defender Wisdom on being stabbed,https://web.archive.org/web/20250911120000/https://www.bbc.com/news/,BBC,en,,,,
4d3e1645-df3f-4854-8469-6d8db1035acc,2025-09-11,Trump to visit late Queen's tomb during UK state visit,https://web.archive.org/web/20250911120000/https://www.bbc.com/news/,BBC,en,,,,
76874d01-3b93-4d17-bd43-06ec88d7fd1e,2025-09-11,What we know about the killing of close Trump ally,https://web.archive.org/web/20250911120000/https://www.bbc.com/news/,BBC,en,,,,
3fb9fb44-112c-4301-b4a9-33b0a37e1bfe,2025-09-11,'Shambles of a night' - Brook on rain-reduced T20,https://web.archive.org/web/20250911120000/https://www.bbc.com/news/,BBC,en,,,,
51433206-d45a-4687-96b8-43722d301688,2025-09-11,Charlie Kirk shooting: What we know about death of close Trump ally,https://web.archive.org/web/20250911120000/https://www.bbc.com/news/,BBC,en,,,,
a07d217c-e0bc-4817-b812-c4b24761d165,2025-09-11,"Women's healthcare chronically underfunded, says Melinda French Gates",https://web.archive.org/web/20250911120000/https://www.bbc.com/news/,BBC,en,,,,
b7e2858c-3b44-484b-ac9f-7b17f9310cdf,2025-09-11,Emma Heming Willis talks about husband Bruce's diagnosis and care,https://web.archive.org/web/20250911120000/https://www.bbc.com/news/,BBC,en,,,,
62f79153-582e-407a-8b03-2342c180a08a,2025-09-11,"Watch: 'Dark moment for America', says Trump after Kirk killing",https://web.archive.org/web/20250911120000/https://www.bbc.com/news/,BBC,en,,,,
92b7186a-fee9-4710-b883-f88a33634824,2025-09-11,Prince Harry meets King Charles for first time in more than a year,https://web.archive.org/web/20250911120000/https://www.bbc.com/news/,BBC,en,,,,
66be5030-9d3f-41b1-955b-bf4eb0d4cc4a,2025-09-11,TV cooking shows are dying out - this cronut* holds the secret to why (*croissant-donut),https://web.archive.org/web/20250911120000/https://www.bbc.com/news/,BBC,en,,,,
caedf8b3-5d17-4b2b-99d5-c6e5536e90ef,2025-09-11,Olympian Proud criticised for joining Enhanced Games,https://web.archive.org/web/20250911120000/https://www.bbc.com/news/,BBC,en,,,,
c5d3ae3f-a181-48ae-9899-7d4d34fa3ecb,2025-09-11,Human remains found in Tesla linked to singer D4vd,https://web.archive.org/web/20250911120000/https://www.bbc.com/news/,BBC,en,,,,
9a7f8de3-3dd4-4d4c-8738-6c2b1455c7c5,2025-09-11,9/11: What happened and how many people died in September 11 attacks?,https://web.archive.org/web/20250911120000/https://www.bbc.com/news/,BBC,en,,,,
cda26e2d-7191-4347-840d-d61681f79434,2025-09-11,Protests hit France as new PM takes office,https://web.archive.org/web/20250911120000/https://www.bbc.com/news/,BBC,en,,,,
469091e4-57c8-4012-a85f-b5ca904ccac1,2025-09-11,Mystery of dancing spiders' DNA could explain how they develop into new species,https://web.archive.org/web/20250911120000/https://www.bbc.com/news/,BBC,en,,,,
e108e70a-ea97-4399-bc5e-96182b2afed5,2025-09-11,A conservative influencer who rallied a youth movement,https://web.archive.org/web/20250911120000/https://www.bbc.com/news/,BBC,en,,,,
fa6235a1-988d-4921-bebd-b4eeb84be101,2025-09-11,Nepal turmoil adds to India's woes in South Asia,https://web.archive.org/web/20250911120000/https://www.bbc.com/news/,BBC,en,,,,
60cddbf5-d50f-481f-9897-2f624f0a5a15,2025-09-11,"'We are still waiting, still suffering': The legacy of a deadly Nigerian dam collapse",https://web.archive.org/web/20250911120000/https://www.bbc.com/news/,BBC,en,,,,
7bb31798-137f-4d0c-a486-17df24023946,2025-09-11,Manhunt in New York City after 'horrific' murders of elderly couple at home,https://web.archive.org/web/20250911120000/https://www.bbc.com/news/,BBC,en,,,,
79b247fc-d0c6-4bbf-a5e8-0d655f65dd2e,2025-09-11,Qatar says search continues at site of Israeli strike targeting Hamas leaders,https://web.archive.org/web/20250911120000/https://www.bbc.com/news/,BBC,en,,,,
7718ba2b-16a3-4971-877c-d486fa0f4744,2025-09-11,Suspect in fatal stabbing of Ukrainian refugee charged with federal crime,https://web.archive.org/web/20250911120000/https://www.bbc.com/news/,BBC,en,,,,
901d0a0b-69da-4895-90f6-41b2e65e2b73,2025-09-11,The Times & The Sunday Times Homepage,https://web.archive.org/web/20250911120000/https://www.thetimes.com/,THE TIMES,en,,,,
5fa27ade-d8b4-4d39-ad2b-60b25882da82,2025-09-11,Trump is used to shaking off criticism - but the Epstein story is different,https://web.archive.org/web/20250911120000/https://www.bbc.com/news/,BBC,en,,,,
c600cb6b-d038-40f6-99c3-d61a953ae51f,2025-09-11,More from News Corp,https://web.archive.org/web/20250911120000/https://www.thetimes.com/,THE TIMES,en,,,,
6211b659-285a-431d-a006-257a90697290,2025-09-11,Students flee as Kirk shot in front of crowd of hundreds,https://web.archive.org/web/20250911120000/https://www.bbc.com/news/,BBC,en,,,,
82bd5168-4873-4032-ba76-b30a949e8ac8,2025-09-11,Accidental or deliberate? Russia's drone incursion into Poland is a test for Nato,https://web.archive.org/web/20250911120000/https://www.bbc.com/news/,BBC,en,,,,
56b1b06d-80a4-4f5a-a09c-fe2743545b7d,2025-09-11,Everton's biggest net spend - how they are turning fortunes around,https://web.archive.org/web/20250911120000/https://www.bbc.com/news/,BBC,en,,,,
a2a8323e-2a1c-4c05-ad3b-da3c2c22ac2f,2025-09-11,"'I woke up with sick on my arms, my shirt, my face'",https://web.archive.org/web/20250911120000/https://www.bbc.com/news/,BBC,en,,,,
89a958ba-b358-4a40-a755-365efe5c9cef,2025-09-11,Ex-sergeant major admits sexually assaulting soldier who took her own life,https://web.archive.org/web/20250911120000/https://www.bbc.com/news/,BBC,en,,,,
39a65d4d-d214-40ab-9964-51f0d0c8238f,2025-09-11,Manhunt for Charlie Kirk killer continues as Trump says it is 'dark moment for America',https://web.archive.org/web/20250911120000/https://www.bbc.com/news/,BBC,en,,,,
d6737271-17f5-44b8-bd0e-6615fd554ebd,2025-09-11,From 'nepo kids' to PM resignation: How the Nepal protests unfolded,https://web.archive.org/web/20250911120000/https://www.bbc.com/news/,BBC,en,,,,
606efa3a-8630-48d8-9e4f-c79e2d1c5787,2025-09-11,"'Netanyahu, we're not leaving': Defiance in Gaza City as Israel shows aid sites planned for evacuees",https://web.archive.org/web/20250911120000/https://www.bbc.com/news/,BBC,en,,,,
cf18673e-eea8-4d70-aa5d-d3a15d28ebf3,2025-09-11,Harry's tea with Charles could be small but significant step to reconciliation,https://web.archive.org/web/20250911120000/https://www.bbc.com/news/,BBC,en,,,,
75450052-0458-480e-ab62-a8b0e2442cee,2025-09-11,Firms will hesitate to invest in US after raid - S Korea president,https://web.archive.org/web/20250911120000/https://www.bbc.com/news/,BBC,en,,,,
e016f49d-df49-4ba6-b580-6a264ad56036,2025-09-11,Life on Mars? 'Leopard-spot' rocks could be biggest clue yet,https://web.archive.org/web/20250911120000/https://www.bbc.com/news/,BBC,en,,,,
176612d8-def9-4807-8c74-0f12cf9522e8,2025-09-11,How did your club's players do on international duty?,https://web.archive.org/web/20250911120000/https://www.bbc.com/news/,BBC,en,,,,
f598dad4-e8fe-443f-a258-35f5da4c5c20,2025-09-11,'Traumatising for everyone': Witnesses describe Charlie Kirk shooting scene,https://web.archive.org/web/20250911120000/https://www.bbc.com/news/,BBC,en,,,,
017a9a3a-49ce-49ec-b4e1-d531f6ba11df,2025-09-11,Footage shows second claimed attack on Greta Thunberg Gaza flotilla,https://web.archive.org/web/20250911120000/https://www.bbc.com/news/,BBC,en,,,,
760a4433-7abb-4f7f-ba7a-de929f2fdd4f,2025-09-11,Mothers and staff tell of global charity's role in child disappearances under Assad regime,https://web.archive.org/web/20250911120000/https://www.bbc.com/news/,BBC,en,,,,
6cee13dc-82ee-4957-b41b-25ec617f85d1,2025-09-11,Killing of Trump ally lays bare America's bloody and broken politics,https://web.archive.org/web/20250911120000/https://www.bbc.com/news/,BBC,en,,,,
1aa38486-76e4-4bc1-8642-a2298b7c0fcc,2025-09-11,Questions mount for rugby's rebel R360 circuit,https://web.archive.org/web/20250911120000/https://www.bbc.com/news/,BBC,en,,,,
1e61fd68-e6fa-4233-b7c7-7c9a40accc0e,2025-09-11,Manhunt intensifies for suspect who killed Charlie Kirk,https://web.archive.org/web/20250911120000/https://www.bbc.com/news/,BBC,en,,,,
4480d9ea-ade1-444a-acb4-7d73131a39a7,2025-09-11,Pellizzari wins stage as riders consider abandoning Vuelta,https://web.archive.org/web/20250911120000/https://www.bbc.com/news/,BBC,en,,,,
35d86e38-8dcf-4482-a8cc-4a40c92c951d,2025-09-11,Watch: Footage shows second claimed attack on Greta Thunberg Gaza flotilla,https://web.archive.org/web/20250911120000/https://www.bbc.com/news/,BBC,en,,,,
218c2c0c-5d50-4cff-80bd-42bb10f244b8,2025-09-11,Charlie Kirk: Conservative influencer who rallied a youth movement,https://web.archive.org/web/20250911120000/https://www.bbc.com/news/,BBC,en,,,,
6ad08d31-05b1-46d7-8568-1c45a8cdf6d7,2025-09-11,Putin and Netanyahu present twin challenges to Trump's diplomacy,https://web.archive.org/web/20250911120000/https://www.bbc.com/news/,BBC,en,,,,
6c2261e9-5e4f-46da-9be4-1e53d423f2f0,2025-09-11,Larry Ellison briefly tops Elon Musk as world's richest person,https://web.archive.org/web/20250911120000/https://www.bbc.com/news/,BBC,en,,,,
e143227d-b2cd-4f41-a229-5bd0edcfbe65,2025-09-11,More from The Times and The Sunday Times,https://web.archive.org/web/20250911120000/https://www.thetimes.com/,THE TIMES,en,,,,
071cda0d-790d-4273-b57a-d437c9729cfe,2025-09-11,"Firms will hesitate to invest in US after raid, says S Korea president",https://web.archive.org/web/20250911120000/https://www.bbc.com/news/,BBC,en,,,,
